categoryName,sportId,tournamentId,tournamentName
International,10,1,UEFA Euro
International Clubs,10,7,UEFA Champions League
Spain,10,8,LaLiga
Belgium,10,9,Challenger Pro League
International,10,11,"WC Qualification, UEFA"
International,10,12,NIU
International,10,13,"FIFA World Cup, Qualification CAF"
International,10,14,World Cup Qualification CONCACAF
International,10,15,NIU
International,10,16,World Cup
England,10,17,Premier League
England,10,18,Championship
England,10,19,FA Cup
Norway,10,20,Eliteserien
England,10,21,EFL Cup
Norway,10,22,1st Division
Italy,10,23,Serie A
England,10,24,League One
England,10,25,League Two
International Youth,10,26,"U21 UEFA European Championship, Qualification"
International,10,27,"UEFA EURO, Qualification"
International,10,28,AFC Asian Cup QF
Norway,10,29,NM Cup
France,10,34,Ligue 1
Germany,10,35,Bundesliga
Scotland,10,36,Premiership
Netherlands,10,37,Eredivisie
Belgium,10,38,Pro League
Denmark,10,39,Superliga
Sweden,10,40,Allsvenskan
Finland,10,41,Veikkausliiga
Germany Amateur,10,42,Regionalliga North
Germany,10,44,2. Bundesliga
Austria,10,45,Bundesliga
Sweden,10,46,Superettan
Denmark,10,47,1. Division
Norway,10,48,2nd Division
Norway,10,49,"2nd Division, avd. 2"
Norway,10,51,"2nd Division, avd. 4"
Turkiye,10,52,Super Lig
Italy,10,53,Serie B
Spain,10,54,LaLiga 2
Finland,10,55,Ykkosliiga
Denmark,10,65,2nd Division
Denmark,10,66,"2nd Division, Pulje 2"
Sweden,10,67,"Ettan, Norra"
Sweden,10,68,"Ettan, Sodra"
Sweden,10,70,"Division 2, Norra Svealand"
Sweden,10,71,"Division 2, Norrland"
Sweden,10,72,"Division 2, Sodra Gotaland"
Sweden,10,73,"Division 2, Vastra Gotaland"
Sweden,10,74,"Division 2, Sodra Svealand"
Denmark,10,76,DBU Pokalen
Sweden,10,80,Svenska Cup
Finland,10,83,Liigacup
Costa Rica,10,84,Primera Division
Russia,10,91,Russian Cup
Brazil,10,92,Carioca
Brazil,10,93,"Campeonato Carioca, Taca Guanabara"
Brazil,10,94,"Campeonato Carioca, Taca Rio"
Turkiye,10,96,Turkiye Kupasi
Turkiye Amateur,10,97,2. Lig
Turkiye,10,98,1. Lig
Japan,10,101,J.League Cup
Norway Amateur,10,105,"3rd divisjon, Akershus"
Norway Amateur,10,110,"3rd divisjon, Østfold"
Norway Amateur,10,111,"3rd divisjon, Oslo 1"
Norway Amateur,10,120,"3rd divisjon, Oslo 2"
Norway Amateur,10,126,"3rd divisjon, Oslo 3"
Netherlands,10,131,Eerste Divisie
International,10,133,Copa America
Austria,10,135,2. Liga
Australia,10,136,A-League
International,10,140,CONCACAF Gold Cup
Germany Amateur,10,142,Oberliga BW
Germany Amateur,10,145,Oberliga NOFV North
Germany Amateur,10,146,Oberliga Westfalen
Germany Amateur,10,150,Oberliga NOFV South
Romania,10,152,Superliga
Montenegro,10,154,1. CFL
Argentina,10,155,Liga Profesional
Austria Amateur,10,166,Regionalliga Ost
Austria Amateur,10,167,Regionalliga West
Austria Amateur,10,168,Regionalliga Centre
Belarus,10,169,Vysshaya Liga
Croatia,10,170,HNL
Cyprus,10,171,1st Division
Czechia,10,172,1. Liga
England,10,173,National League
England Amateur,10,174,National League South
Montenegro,10,175,Liga Nacional
England Amateur,10,176,National League North
Guatemala,10,177,Liga Nacional
Estonia,10,178,Premium Liiga
Finland,10,179,"Kakkonen, Group A"
Finland,10,180,"Kakkonen, Group B"
Finland,10,181,"Kakkonen, Group C"
France,10,182,Ligue 2
France,10,183,National
Germany Amateur,10,184,Hessenliga
Greece,10,185,Super League
Greece,10,186,Super League 2
Hungary,10,187,NB I
Iceland,10,188,Besta deild
Ireland,10,192,Premier Division
Ireland,10,193,First Division
Ireland,10,195,FAI Cup
Japan,10,196,J.League
Latvia,10,197,Virsliga
Lithuania,10,198,A Lyga
North Macedonia,10,199,1. MFL
Northern Ireland,10,200,Premiership
Norway,10,201,"Toppserien, Women"
Poland,10,202,Ekstraklasa
Russia,10,203,Premier League
Russia,10,204,1. Liga
Czechia,10,205,FNL
Scotland,10,206,Championship
Scotland,10,207,League 1
Guatemala,10,208,Liga Nacional Promotion/Relegation Playoff
Scotland,10,209,League 2
Serbia,10,210,Superliga
Slovakia,10,211,Superliga
Slovenia,10,212,PrvaLiga
Spain,10,213,Supercopa
Sweden,10,214,Damallsvenskan
Switzerland,10,215,Super League
Switzerland,10,216,Challenge League
Germany,10,217,DFB Pokal
Ukraine,10,218,Premier League
Finland,10,220,Suomen Cup
Bosnia & Herzegovina,10,222,Premijer Liga
Slovakia,10,224,2. Liga
Poland,10,229,I Liga
Venezuela,10,231,Primera Division
Germany Amateur,10,232,Women Bundesliga
Portugal,10,238,Liga Portugal
Portugal,10,239,Liga Portugal 2
Ecuador,10,240,LigaPro Primera A
Colombia,10,241,Primera A
USA,10,242,MLS
Chile,10,244,Primera Division
International,10,246,AFC Asian Cup
Bulgaria,10,247,Parva Liga
Wales,10,254,Cymru Premier
International Youth,10,258,U19 European Championship
Israel,10,266,Premier League
International,10,270,Africa Cup of Nations
Uruguay,10,278,Primera Division
International Youth,10,279,U17 FIFA World Cup
International Clubs,10,280,Int. Friendly Games
Poland,10,281,Puchar Polski
Czechia,10,282,Cup
International,10,290,"World Cup, Women"
Slovenia,10,291,Slovenia Cup
International,10,295,"WC Qual, CONMEBOL"
Slovakia,10,303,Slovensky Pohar
Hungary,10,305,Magyar Kupa
Croatia,10,307,Croatian Cup
International,10,308,"World Cup Qualification, AFC"
International,10,309,FIFA World Cup Qualification OFC
International,10,310,don't use
Ukraine,10,312,Ukraine Cup
Serbia,10,314,Serbian Cup
Cyprus,10,315,Cyprus Cup
Japan,10,323,Emperor Cup
Brazil,10,325,Brasileiro Serie A
Belgium,10,326,Beker van Belgie
Portugal,10,327,League Cup
Italy,10,328,Coppa Italia
Spain,10,329,Copa del Rey
Netherlands,10,330,KNVB beker
Scotland,10,331,Challenge Cup
Scotland,10,332,League Cup
England,10,334,EFL Trophy
France,10,335,Coupe de France
Portugal,10,336,Taca de Portugal
Belgium,10,338,Super Cup
France,10,339,Trophee des Champions
Netherlands,10,340,Johan Cruijff Schaal
Italy,10,341,Supercoppa
Portugal,10,345,Super Cup
England,10,346,Community Shield
Scotland,10,347,Scottish Cup
North Macedonia,10,348,Macedonia Cup
Hungary,10,349,Magyar Kupa
Finland,10,350,"Veikkausliiga, Prom/Rel"
Norway,10,351,Super Cup
Mexico,10,352,Primera Division
Romania,10,355,Romania Cup
Estonia,10,356,Super Cup
International Clubs,10,357,FIFA Club World Cup
South Africa,10,358,Premiership
Ireland,10,360,Setanta Sports Cup
Ireland,10,361,Eirecom League Prom/Rel
International,10,362,don't use
Bulgaria,10,365,Bulgarian Cup
Wales,10,367,League Cup
Israel,10,370,Israel Cup
Brazil,10,372,"Paulista, Serie A1"
Brazil,10,373,Copa do Brasil
Brazil,10,374,Baiano
Greece,10,375,Greece Cup
Brazil,10,376,"Catarinense, Serie A"
Brazil,10,377,"Gaucho, Serie A1"
Brazil,10,378,Cearense
Brazil,10,379,Mineiro
Brazil,10,380,Pernambucano
Brazil,10,381,Goiano
Brazil,10,382,Paranaense
International Clubs,10,384,Copa Libertadores
Wales,10,388,FAW Welsh Cup
Argentina,10,389,Copa Torneo de Verano
Brazil,10,390,Brasileiro Serie B
International,10,392,EAFF E-1 Football Championship
Japan,10,393,Super Cup
Sweden,10,394,"2nd Div, Sodra Svealand"
Russia,10,397,Super Cup
Switzerland,10,399,Schweizer Cup
Australia,10,400,Hyundai A-League Playoff
Japan,10,402,J.League 2
International,10,404,"EAFF E-1 Football Championship, Women"
Peru,10,406,Liga 1
Republic of Korea,10,410,K-League 1
International,10,411,"Algarve Cup, Women"
International Youth,10,429,U17 European Championship
International,10,436,Olympic Tournament
International,10,437,"Olympic Tournament, Women"
Austria,10,445,OFB Cup
Venezuela,10,447,do not use
Slovenia,10,449,not use
Serbia,10,450,"Meridijan Superliga,Prom./Rel.Playoff"
Montenegro,10,451,Prva Crnogorska Liga Promotion/Relegation Playoff
International Youth,10,453,U20 World Cup
International Youth,10,454,U21 European Championship
Germany,10,455,"Supercup, Women"
Argentina,10,462,Promotion Primera Division
International Clubs,10,463,AFC Champions League Elite
International Clubs,10,465,UEFA Super Cup
Denmark,10,469,2nd Division Playoff
North Macedonia,10,470,not use
Japan,10,471,Promotion/Relegation
Greece,10,475,Division C
Greece,10,476,Super Cup
International,10,477,"European Championship, Women"
International,10,479,World Cup Qualification Asia
International Clubs,10,480,Copa Sudamericana
Canada,10,482,Canadian Soccer League
Belgium,10,485,don't use
Germany Amateur,10,489,Oberliga NOFV
International Clubs,10,490,Recopa Sudamericana
Germany,10,491,3. Liga
Germany Amateur,10,493,Regionalliga West
USA,10,495,US Open Cup
International Clubs,10,498,CONCACAF Champions Cup
Iceland,10,504,Cup
Turkiye,10,505,Super Kupa
Germany Amateur,10,508,Bremen Liga
Germany Amateur,10,509,Oberliga Hamburg
Bulgaria,10,510,Super Cup
Poland,10,511,Superpuchar Polski
Germany Amateur,10,512,Schleswig-Holstein-Liga
Germany Amateur,10,513,Oberliga Nieders. West
Germany Amateur,10,514,Oberliga Nieders. East
Poland,10,515,II Liga
Sweden Amateur,10,520,Div 3 Mellersta Gotaland
Sweden Amateur,10,528,Div 3 Sodra Gotaland
Slovenia,10,532,2. Liga
Denmark Amateur,10,536,Jyllandsserien – Pool 1
Denmark Amateur,10,538,Sjallandsserien
Spain,10,544,Segunda Federacion
Cyprus,10,550,Super Cup
Romania,10,562,Liga 2
Belarus,10,578,Belarus Cup
Bosnia & Herzegovina,10,583,Bosnia & Herzegovina Cup
Denmark Amateur,10,590,"CPH, Seriemesterskabet"
New Zealand,10,594,National League
International,10,602,ASEAN Championship
Ireland,10,610,1st Division Promotion/Relegation Playoffs
Northern Ireland,10,611,League Cup
Republic of Korea,10,615,Korea Cup
International,10,622,Gulf Cup
Vietnam,10,626,V-League 1
England Amateur,10,628,FA Trophy
Malta,10,629,Premier League
Malta,10,630,Challenge League
International Youth,10,632,U20 CONMEBOL Ch.ship
Malta,10,633,FA Trophy
Singapore,10,634,Premier League
International,10,637,African Nations Championship
International Youth,10,638,U20 CONCACAF Championship
China,10,649,Chinese Super League
Singapore,10,655,Singapore Cup
International Clubs,10,668,AFC Champions League Two
Armenia,10,671,Premier League
Armenia,10,672,First League
Faroe Islands,10,673,Premier League
Faroe Islands,10,674,1st deild
Iceland,10,675,1. deild
Lithuania,10,676,1 Lyga
Latvia,10,677,1.Liga
Estonia,10,678,Esiliiga
International Clubs,10,679,UEFA Europa League
Kazakhstan,10,682,Premier League
Moldova,10,685,Super Liga
Germany Amateur,10,686,DFB Pokal Women
Luxembourg,10,690,Division Nationale
Ukraine,10,691,Persha Liga
Cyprus,10,692,2nd Division
Paraguay,10,693,Primera Division
International Youth,10,695,"U19 UEFA European Championship, Women"
International Clubs,10,696,UEFA Champions League Women
Mexico,10,697,Liga de Expansion MX
Romania,10,698,Super Cup
Northern Ireland,10,700,not in use
Northern Ireland,10,701,Championship
Argentina,10,703,Primera Nacional
Georgia,10,704,Erovnuli Liga
Azerbaijan,10,709,Premier League
Moldova,10,710,Liga 1
Bosnia & Herzegovina,10,715,"Prva Liga, Rep of Srpska"
Bosnia & Herzegovina,10,716,"Prva Liga, Fed BiH"
Montenegro,10,717,2. CFL
North Macedonia,10,718,2. MFL
Albania,10,720,Kategoria Superiore
Serbia,10,721,Prva Liga
Albania,10,722,Kategoria e Pare
Luxembourg,10,723,Promotion d'Honneur
Croatia,10,724,Prva NL
Malta,10,725,Super Cup
Georgia,10,726,Erovnuli Liga 2
Israel,10,727,National League
Georgia,10,729,Cup
Estonia,10,731,Cup
Azerbaijan,10,736,First Division
San Marino,10,737,Coppa Titano
San Marino,10,738,Campionato Sammarinese
Montenegro,10,739,Cup Crne Gore
Azerbaijan,10,740,Azerbaijan Cup
Moldova,10,741,Cupa Moldovei
Andorra,10,742,Primera Divisio
Andorra,10,743,Second Divisio
International Youth,10,746,"U19 European Championship, Women, Qualification"
International Youth,10,748,"U19 European Championship, Qualification"
Kazakhstan,10,749,Kazakhstan Cup
International Youth,10,753,"U17 European Championship, Women, Qualification"
International Youth,10,755,"U17 UEFA European Championship, Qualification"
Albania,10,756,Kupa e Shqiperise
Liechtenstein,10,757,Liechtensteiner Cup
Latvia,10,761,Latvia Cup
Luxembourg,10,765,Coupe de Luxembourg
Georgia,10,766,Super Cup
Northern Ireland,10,767,Irish Cup
Vietnam,10,771,V-League 2
Uzbekistan,10,772,Superliga
Kazakhstan,10,773,Super Cup
Belarus,10,775,Super Cup
Belarus,10,776,Pervaya Liga
Republic of Korea,10,777,K-League 2
Armenia,10,778,Armenian Cup
Faroe Islands,10,779,Logmanssteypid
International,10,780,"World Championship Qualification Women, Europe"
China,10,782,China League 1
Kazakhstan,10,785,Pervaya Liga
Iceland,10,786,Super Cup
Germany,10,799,Super Cup
International Youth,10,804,"U20 FIFA World Cup, Women"
Egypt,10,808,Premier League
Germany Amateur,10,809,A-Junioren-Bundesliga N/N-E
Germany Amateur,10,810,A-Junioren-Bundesliga West
Germany Amateur,10,811,A-Junioren-Bundesliga S/S-W
Lithuania,10,812,LFF Cup
Germany Amateur,10,813,Oberliga Niedersachsen
Czechia,10,822,U19 1st Division
Czechia,10,823,"1. Liga, Women"
Italy,10,824,Coppa Italia Serie C
Qatar,10,825,Stars League
International Youth,10,827,"U17 FIFA World Cup, Women"
Algeria,10,841,Ligue 1
Bahrain,10,846,Premier League
India,10,848,I-League
International,10,851,Int. Friendly Games
International,10,852,Int. Friendly Games W
International Clubs,10,853,Club Friendly Games
International Youth,10,854,U21 Friendly Games
International Youth,10,855,U20 Friendly Games
International Youth,10,856,U19 Friendly Games
International Youth,10,857,U18 Friendly Games
International Youth,10,858,U17 Friendly Games
Bolivia,10,866,Liga Profesional
Sweden,10,868,"Division 2, Norra Gotaland"
International,10,878,"Womens Euro, Qualif."
Russia,10,879,Youth League
Andorra,10,881,Copa Constitucio
China,10,882,FA Cup
Italy,10,884,Supercoppa di Lega Pro
International Clubs,10,886,Audi Cup
Germany,10,889,Telekom Cup
North Macedonia,10,912,Super Cup
Virtual Leagues,10,913,Virt. Football League
Iran,10,915,Pro League
International Youth,10,917,U17 European Women's Championship
Honduras,10,925,"Liga Nacional, Relegation Playoff"
Jordan,10,929,Jordan League
Morocco,10,937,Botola Pro D1
Kuwait,10,939,Crown Prince Cup
Turkiye Amateur,10,945,3. Lig
"Hong Kong, China",10,947,Premier League
Saudi Arabia,10,955,Saudi Pro League
Oman,10,965,Omani League
United Arab Emirates,10,971,Arabian Gulf League
International Youth,10,981,U23 Africa Cup of Nations
Tunisia,10,984,Ligue 1
Malaysia,10,1000,Super League
Kuwait,10,1002,Premier League
Cameroon,10,1006,Elite One
Indonesia,10,1015,Liga 1
Sweden Amateur,10,1016,U21 Allsvenskan
International,10,1018,Cyprus Women Cup
South Africa,10,1020,FA Cup
Argentina,10,1024,Copa Argentina
Thailand,10,1032,Thai League 1
England Amateur,10,1044,Super League Women
International Clubs,10,1054,CAF Champions League
Sweden,10,1058,Svenska Cup Women
International,10,1060,Baltic Cup
Norway,10,1062,NM Cup Women
International Youth,10,1072,U23 Friendly Games
International Youth,10,1074,U20 Copa Libertadores
Virtual Leagues,10,1078,Virt. Football League 2
Germany Amateur,10,1079,Regionalliga Southwest
El Salvador,10,1081,Primera Division
Germany Amateur,10,1083,Regionalliga Northeast
Germany Amateur,10,1085,Regionalliga Bavaria
Germany Amateur,10,1089,Bayernliga North
Germany Amateur,10,1091,Bayernliga South
Russia,10,1093,"2. Liga, Division B, Group 1"
Russia,10,1095,"2. Liga, Division B, Group 3"
Russia,10,1097,"2. Liga, Division B, Group 4"
Russia,10,1099,"2. Liga, Division B, Group 2"
Switzerland,10,1101,Promotion League
Germany Amateur,10,1103,Oberliga Niederrhein
Germany Amateur,10,1105,Mittelrheinliga
Albania,10,1107,Superkupa e Shqiperise
Germany Amateur,10,1109,Oberliga Rheinland-Pfalz
England Amateur,10,1111,Northern Premier League Premier
International Clubs,10,1115,CAF Confederations Cup
Belgium,10,1117,U21 Pro League
South Africa,10,1125,MTN 8
Spain,10,1127,Primera Division Women
England Amateur,10,1129,U21 Premier League 2
England Amateur,10,1131,"Isthmian League, Pr. Div"
Portugal,10,1133,U19 Campeonato Nacional
Bulgaria,10,1135,Vtora Liga
France,10,1139,"Premiere Ligue, Women"
Italy,10,1149,"Campionato Primavera, Girone A"
Italy,10,1151,"Campionato Primavera, Girone B"
Italy,10,1153,"Campionato Primavera, Girone C"
Ghana,10,1191,Premier League
South Africa,10,1205,Knockout Cup
Ivory Coast,10,1211,Ligue 1
Chile,10,1221,Copa Chile
International Clubs,10,1222,OFC Champions League
Czechia,10,1224,Winter League
Senegal,10,1226,Ligue 1
Brazil,10,1234,"Paulista, Serie A2"
Vietnam,10,1236,Super Cup
Colombia,10,1238,Primera B
Chile,10,1240,Primera B
International Youth,10,1246,Viareggio Cup
International Clubs,10,1250,CAF Super Cup
Paraguay,10,1254,Segunda Division
Australia,10,1258,South Australia NPL
Australia,10,1260,Capital NPL 1
Lithuania,10,1262,Super Cup
Latvia,10,1266,Superkauss
Australia,10,1268,Queensland NPL
Australia,10,1270,Western Australia NPL
Australia,10,1274,NSW NPL 1
Australia,10,1275,"Victoria, NPL"
Austria Amateur,10,1279,"Salzburg, Salzburger Liga"
Brazil,10,1281,Brasileiro Serie C
International Clubs,10,1295,Emirates Cup
Ukraine,10,1307,U19
Chile,10,1309,Supercup
Slovakia,10,1327,U19 1. Liga
Colombia,10,1335,Copa Colombia
Hungary,10,1339,NB II
San Marino,10,1343,Supercup
Argentina,10,1347,Primera B
Virtual Leagues,10,1363,Virtua Football ExaLogic
Poland,10,1365,CLJ
United Arab Emirates,10,1369,Pro League Cup
Italy,10,1374,"Serie D, Group A"
Italy,10,1376,"Serie D, Group B"
Italy,10,1378,"Serie D, Group C"
Italy,10,1380,"Serie D, Group D"
Italy,10,1382,"Serie D, Group E"
Italy,10,1384,"Serie D, Group F"
Italy,10,1386,"Serie D, Group G"
Italy,10,1388,"Serie D, Group H"
Italy,10,1390,"Serie D, Group I"
Morocco,10,1434,Coupe du Trone
Virtual Leagues,10,1456,Virtual Football BetFlag
Virtual Leagues,10,1458,Virtual Football Microg.
Cyprus,10,1460,3rd Division
Qatar,10,1518,QSL Cup
International Youth,10,1530,"U17 CONCACAF Championship, Women"
Gibraltar,10,1542,National League
Italy,10,1554,Coppa Italia Primavera
International Youth,10,1568,"U20 CONCACAF Championship, Women"
Algeria,10,1588,Coupe d Algerie
England Amateur,10,1592,Premier League Cup
Brazil,10,1596,Copa do Nordeste
International Youth,10,1612,"U20 CONMEBOL, Women"
Brazil,10,1614,"Paulista, Serie A3"
Argentina,10,1618,Super Cup
Australia,10,1626,Tasmania NPL
Ireland,10,1632,FAI Presidents Cup
Australia,10,1638,Northern NSW NPL
Kenya,10,1644,Premier League
Philippines,10,1654,Philippines Footb. League
Finland,10,1662,"Kansallinen Liiga, Women"
Virtual Leagues,10,1668,Virt. Football League 3
Tunisia,10,1682,Tunisian Cup
USA,10,1690,National Womens Soccer League
International,10,1692,"AFC Asian Cup, Women"
England,10,1696,"FA Cup, Qualification"
Virtual Leagues,10,1698,V. Footb. L. 3 Trustful
Italy,10,1700,"Serie D, Poule Scudetto"
Estonia,10,1704,"Cup, Women"
Italy,10,1710,"Serie D, Poule Scudetto"
International Youth,10,1750,U19 Baltic Cup
Australia,10,1760,Victoria Premier League 2
Australia,10,1770,Gold Coast Metro League2
Republic of Korea,10,1772,WK-League
India,10,1774,Calcutta Premier Div.
Belarus,10,1776,"Belarus Cup, Women"
Australia,10,1780,Queensland Nat. Prem.
Russia,10,1784,Zone Siberia
Australia,10,1786,Australia Cup
USA,10,1794,MLS All Star Game
India,10,1800,Calcutta 1st Division
International Youth,10,1806,U19 NextGen Cup
Jordan,10,1822,Jordan Cup
Japan,10,1824,Japan Football League
Panama,10,1834,Liga Panamena de Futbol
International,10,1848,Africa Cup of Nations Qualification
International Youth,10,1850,"U19 Friendly Games, Women"
International Youth,10,1862,Asian Games
Jamaica,10,1892,Premier League
Australia,10,1894,"A-League, Women"
India,10,1900,Indian Super League
South Africa,10,1906,Championship
Uruguay,10,1908,Segunda Division
Italy,10,1910,Supercoppa Primavera
Armenia,10,1924,Super Cup
International Youth,10,1952,U21 Baltic Cup
International,10,1954,"CONCACAF Championship, Women"
Israel,10,1970,Liga Alef
Israel,10,1972,Liga Bet South B
Israel,10,1974,Liga Bet South A
England Amateur,10,1991,"FA Trophy, Qualification"
Virtual Leagues,10,2017,Virtual Football League bet-at-home
Oman,10,2032,Sultan Cup
International Youth,10,2043,U17 CONMEBOL Championship
Lebanon,10,2053,Lebanon Cup
Egypt,10,2075,Egypt Cup
Scotland,10,2090,"Premier League, Women"
Japan,10,2094,J3 League
Iceland,10,2104,League Cup A
International Youth,10,2108,U20 Africa Cup of Nations
Saudi Arabia,10,2110,Kings Cup
Nigeria,10,2112,Premier League
International Youth,10,2114,U17 CONCACAF Championship
Virtual Leagues,10,2120,Virtual Football Evona
Virtual Leagues,10,2128,Virtual Football Gamenet
Virtual Leagues,10,2130,Virtual Football Netbet
Zambia,10,2142,Super League
Virtual Leagues,10,2144,Virtual Football Teycoweb
International Youth,10,2152,"U23 AFC Championship, Qualification"
International,10,2161,COSAFA Cup
Angola,10,2171,Girabola
Ghana,10,2177,FA Cup
International Youth,10,2183,Toulon Tournament
Virtual Leagues,10,2222,Virtual Football League GLI
Virtual Leagues,10,2228,Virtual Football League EGaming
Virtual Leagues,10,2230,Virtual Football League Goldbet
Virtual Leagues,10,2236,Virtual Football League Retail
Israel,10,2242,Super Cup
Mexico,10,2244,Trofeo de Campeon de Campeones
Belgium,10,2268,"Super League, Women"
Netherlands,10,2270,"Eredivisie, Women"
Denmark,10,2278,"2nd Division, Pulje 3 (niu)"
Virtual Leagues,10,2284,Virtual Football League GANA
Virtual Leagues,10,2286,Virtual Football League Betcenter
Virtual Leagues,10,2292,Virtual Football League SXM
Saudi Arabia,10,2296,Super Cup
Saudi Arabia,10,2298,Division 1
United Arab Emirates,10,2306,Super Cup
Germany Amateur,10,2322,"2. Bundesliga, Women"
International Youth,10,2324,UEFA Youth League
Italy,10,2330,Serie D
International Youth,10,2332,U20 African Games
Italy,10,2340,Primavera 1
Palestine,10,2342,West Bank League
Palestine,10,2344,Gaza Strip Premier League
International Youth,10,2374,U23 WAFF Championship
Lebanon,10,2376,Super Cup
Lebanon,10,2386,Premier League
International Youth,10,2430,AFC U23 Asian Cup
Tanzania,10,2436,Premier League
International,10,2438,SAFF Championship
Virtual Football,10,2448,Virtual Football Euro Cup
Virtual Leagues,10,2458,Virtual Football League Coral
Bahrain,10,2462,King of Bahrain Cup
International,10,2494,"CONCACAF Olympic Qualifications, Women"
International,10,2505,"SheBelieves Cup, Women"
China,10,2511,FA Super Cup
United Arab Emirates,10,2513,Presidents Cup
International,10,2515,"AFC Olympic Qualification, Women"
Virtual Leagues,10,2519,Virtual Football League TwinLeague2
Virtual Leagues,10,2521,Virtual Football League TwinLeague1
Japan,10,2529,"Nadeshiko League, Div. 1, Women"
Vietnam,10,2537,Vietnam Cup
Sweden Amateur,10,2539,U19 Allsvenskan
Virtual Leagues,10,13627,Virtual Football League Betsson
Russia,10,13635,"Superleague, Women"
Canada,10,13681,Canadian Championship
Brazil,10,13685,U20 Campeonato Brasileiro
Virtual Leagues,10,13721,Virtual Football League DOXXBet
Virtual Football,10,13909,Virtual Football Euro Cup Retail
Virtual Football,10,13933,Virtual Football Nations Cup
Virtual Football,10,13967,Virtual Football Nations Cup Retail
Peru,10,13995,Liga Femenina
Israel,10,14043,"League Cup, Premier"
Israel,10,14045,"League Cup, National"
Ivory Coast,10,14145,Coupe Nationale
Czechia,10,14147,MSFL
Virtual Football,10,14149,Virtual Football League Mode
Czechia,10,14151,CFL
Kosovo,10,14189,Superliga
Denmark,10,14193,"Kvindeligaen, Women"
Austria Amateur,10,14197,"Bundesliga, Women"
Kosovo,10,14231,Liga e Pare
Algeria,10,14321,Ligue 2
Brazil,10,14413,U20 Copa do Brasil
Virtual Football,10,14560,Virtual Football League Mode Betsson
Virtual Football,10,14562,Virtual Football League Mode Retail
International,10,14604,"Africa Cup of Nations, Women"
Virtual Football,10,14612,Virtual Football League Mode Interwetten
Kosovo,10,14688,Kosovo FA Cup
Portugal,10,14758,Campeonato de Portugal
International Clubs,10,14800,Florida Cup
Virtual Football,10,14836,Virtual Football Nations Cup Retail 2
Uganda,10,14864,Premier League
Brazil,10,14876,Copa Verde
Virtual Football,10,14979,Virtual Football Nations Cup Eurobet
Virtual Football,10,14981,Virtual Football League Mode Eurobet
Ecuador,10,15027,Serie B
Virtual Football,10,15081,Virtual Football Nations Cup Retail Betaland
Virtual Football,10,15083,Virtual Football N. Cup Retail Eurobet
Brazil,10,15091,"Campeonato Brasileiro, Women"
Virtual Football,10,15093,Virtual Football League Mode Retail Betaland
Virtual Football,10,15095,Virtual Football League Mode Surebet247 Retail
Virtual Football,10,15097,Virtual Football League Mode Retail Eurobet
Republic of Korea,10,15123,K3 League
"Hong Kong, China",10,15219,FA Cup
Brazil,10,15227,Alagoano
Brazil,10,15231,Paraibano
Peru,10,15235,Liga 2
Brazil,10,15257,Sergipano
Iceland,10,15279,"Besta deild, Women"
Brazil,10,15281,U20 Paulista
Iceland,10,15283,2. deild
Brazil,10,15335,Brasileiro Serie D
Virtual Football,10,15446,Virtual Football World Cup
Virtual Football,10,15566,Virtual Football Nations Cup Retail Millennium
Virtual Football,10,15568,Virtual Football League Mode Retail Millennium
China,10,15636,China League 2
Brazil,10,15644,Copa Paulista
International,10,16356,Kings Cup
Australia,10,16904,"Victoria NPL, Women"
Northern Ireland,10,17028,NIFL Charity Shield
Venezuela,10,17302,Segunda Division
Virtual Football,10,17334,Virtual Football League Mode Retail STS
Spain Amateur,10,17504,"Tercera Federacion, Playoffs"
Virtual Football,10,17786,Virtual Football League Mode Doxxbet
Poland,10,18188,"Ekstraliga, Women"
Iceland,10,18204,"1. deild, Women"
Australia,10,18270,"Queensland NPL, Women"
Estonia,10,18294,Meistriliiga Women
Finland,10,18318,"Ykkonen, Women"
Australia,10,18340,"South Australia NPL, Women"
England Amateur,10,18350,"Championship, Women"
France,10,18364,"Coupe de France, Women"
Argentina,10,18464,"Primera Division, Women"
New Zealand,10,18466,"NRFL Premier League, Women"
Finland,10,18486,"Suomen Cup, Women"
Denmark,10,18490,"Cup, Women"
Italy,10,19202,Primavera 2
"Hong Kong, China",10,19224,1. Division
Qatar,10,19228,2nd Division League
Thailand,10,19232,Thai League 2
United Arab Emirates,10,19238,First Division
Uzbekistan,10,19240,Cup
Nicaragua,10,19242,Primera Division
Ukraine,10,19244,"Vyscha Liga, Women"
Slovakia,10,19246,1. League Women
Myanmar,10,19248,National League
Cambodia,10,19250,Cambodian Premier League
Trinidad and Tobago,10,19252,TT Premier League
China,10,19264,"Chinese Super League, Women"
Hungary,10,19266,"NB I, Women"
Netherlands,10,19268,"KNVB beker, Women"
Thailand,10,19270,FA Cup
Norway,10,19272,"1st Division, Women"
Portugal,10,19274,"Campeonato Nacional, Women"
Iceland,10,19276,"Cup, Women"
International Youth,10,19278,U22 Southeast Asian Games
Venezuela,10,19282,Copa Venezuela
Costa Rica,10,19454,Liga de Ascenso
Northern Ireland,10,19486,"Premier League, Women"
Northern Ireland,10,19488,"Challenge Cup, Women"
Panama,10,19490,Liga Prom
Egypt,10,19492,2. Division A
Malawi,10,19494,Super League
Morocco,10,19496,Botola Pro D2
Bolivia,10,19712,Copa Simon Bolivar
Bahrain,10,19724,2nd Division
Iran,10,19870,Hazfi Cup
Rwanda,10,20162,Premier League
International Clubs,10,20178,"Copa Libertadores, Women"
Greece,10,20226,"Super League, Women"
International,10,20434,WC Qu. Int-Conf. Playoff
Indonesia,10,20560,Liga 2
Botswana,10,20574,Premier League
Mozambique,10,20576,Mocambola
Tunisia,10,20578,Ligue 2
Virtual Football,10,20648,Virtual Football World Cup Retail
Algeria,10,20780,Supercoupe
Sweden,10,20782,"Division 2, Promotion Playoffs"
Italy,10,20808,"Serie A, Women"
Mexico,10,23441,"Liga MX, Women"
Colombia,10,23455,Super Liga Cup
Barbados,10,23471,Premier League
Uzbekistan,10,23477,Pro Liga
Zimbabwe,10,23479,Premier Soccer League
Brazil,10,23517,U20 Copa Sao Paulo de Juniores
Virtual Football,10,23523,Virtual Football World Cup Retail Eurobet
Palestine,10,23549,Palestine West Bank Clubs Cup
Iran,10,23551,Azadegan League
Antigua and Barbuda,10,23553,Premier Division
Malaysia,10,23745,FA Cup
Uganda,10,23747,Cup
Indonesia,10,23749,Piala Presiden
Malta,10,23751,"First Division, Women"
International,10,23755,UEFA Nations League
Congo,10,23785,Premier League
Belgium,10,23795,"Beker van Belgie, Women"
International Clubs,10,23803,Atlantic Cup
Rwanda,10,23805,Peace Cup
Fiji,10,23909,Premier League
Cyprus,10,23911,"1st Division, Women"
Jamaica,10,23975,KSAFA Championship
Israel,10,23979,"Liga Al, Women"
Jordan,10,24073,First Division
Virtual Football,10,24195,Virtual Football SBO Cup
India,10,24197,Indian Super Cup
Japan,10,24235,"Nadeshiko League, Div 2, Women"
Brazil,10,24359,Maranhense
International Youth,10,24441,U20 Africa Cup of Nations NIU
Dominican Republic,10,24443,Liga Dominicana de Futbol
Norway,10,24636,2nd Division Group 2
Norway,10,24638,2nd Division Group 1
Norway,10,24642,3rd Division Group 1
Norway,10,24644,3rd Division Group 2
Norway,10,24646,3rd Division Group 3
Norway,10,24648,3rd Division Group 4
Norway,10,24650,3rd Division Group 5
Norway,10,24652,3rd Division Group 6
International,10,24660,FIFA World Cup
Germany Amateur,10,24662,Regionalliga Playoffs
Germany Amateur,10,24664,Regionalliga
Germany Amateur,10,24702,U19 DFB Nachwuchsliga
Virtual Football,10,24704,Virtual Football World Cup Doxxbet
Italy,10,24806,Supercoppa Primavera 2
Spain,10,24864,Copa de SM La Reina
International,10,24990,Intercontinental Cup
Brazil,10,25071,U23 Brasileiro
Scotland,10,25143,"Scottish Cup, Women"
Barbados,10,25147,Champions Cup
Virtual Football,10,25323,Virtual Football Nations Cup Retail Novomatic
Virtual Football,10,25329,Virtual Football League Mode Retail Novomatic
International Youth,10,25403,U19 AFF Championship
International Youth,10,25655,Blue Stars / FIFA Youth Cup
Kuwait,10,25657,Emir Cup
Qatar,10,25659,Amir Cup
International,10,25727,NIU
International,10,25729,"Central American and Caribbean Games, Women"
International Youth,10,25731,Central American and Caribbean Games
Poland,10,25835,"III Liga, Group 1"
Poland,10,25837,"III Liga, Group 2"
Poland,10,25839,"III Liga, Group 3"
Poland,10,25841,"III Liga, Group 4"
Uganda,10,25867,Super 8
International,10,26006,"Asian Games, Women"
Spain Amateur,10,26018,"Tercera Federacion, Group 1"
Spain Amateur,10,26020,"Tercera Federacion, Group 2"
Spain Amateur,10,26022,"Tercera Federacion, Group 3"
Spain Amateur,10,26024,"Tercera Federacion, Group 4"
Spain Amateur,10,26026,"Tercera Federacion, Group 5"
Spain Amateur,10,26028,"Tercera Federacion, Group 6"
Spain Amateur,10,26030,"Tercera Federacion, Group 7"
Spain Amateur,10,26032,"Tercera Federacion, Group 8"
Spain Amateur,10,26034,"Tercera Federacion, Group 9"
Spain Amateur,10,26036,"Tercera Federacion, Group 10"
Spain Amateur,10,26038,"Tercera Federacion, Group 11"
Spain Amateur,10,26040,"Tercera Federacion, Group 12"
Spain Amateur,10,26042,"Tercera Federacion, Group 13"
Spain Amateur,10,26044,"Tercera Federacion, Group 14"
Spain Amateur,10,26046,"Tercera Federacion, Group 15"
Spain Amateur,10,26048,"Tercera Federacion, Group 16"
Spain Amateur,10,26050,"Tercera Federacion, Group 17"
Spain Amateur,10,26052,"Tercera Federacion, Group 18"
England Amateur,10,26056,Southern League Premier Central
England Amateur,10,26058,Southern League Premier South
Portugal,10,26080,U23 Liga Revelacao
Argentina,10,26174,Primera C
USA,10,26176,"NCAA, Regular Season"
USA,10,26178,"NCAA Regular Season, Women"
Scotland,10,26248,Reserve League
France,10,26276,Championnat National U19
Netherlands,10,26278,Tweede Divisie
Germany Amateur,10,26280,DFB-Pokal Junioren
Tajikistan,10,26322,Vysshaya Liga
Philippines,10,26372,Copa Paulino Alcantara
Greece,10,26384,U19 Super League
Turkiye Amateur,10,26386,"3. Lig, Group 1"
Turkiye Amateur,10,26388,"3. Lig, Group 2"
Turkiye Amateur,10,26390,"3. Lig, Group 3"
Italy,10,26532,NIU
Italy,10,26534,NIU
Italy,10,26536,NIU
Italy,10,26538,NIU
Italy,10,26540,NIU
Italy,10,26542,NIU
Italy,10,26544,NIU
Italy,10,26546,NIU
Italy,10,26548,NIU
Italy,10,26550,NIU
International Clubs,10,26552,Campeones Cup
Italy,10,26554,"Serie C, Group A"
Italy,10,26556,"Serie C, Group B"
Italy,10,26558,"Serie C, Group C"
Italy,10,26560,"Serie C,  Promotion Playoffs"
Italy,10,26562,Serie C
Kyrgyzstan,10,26622,Top League
Virtual Football,10,26654,Virtual Football Asian Cup
International Youth,10,26664,U17 Africa Cup of Nations
Virtual Football,10,26666,Virtual Football League Retail Min
Finland,10,26910,Kakkonen Playoffs
Chinese Taipei,10,26912,Premier League
Syria,10,26922,Premier League
Iraq,10,26974,Iraqi League
Bhutan,10,26976,Premier League
Maldives,10,26978,Dhivehi Premier League
Laos,10,26980,Lao Premier League
Colombia,10,27070,"Primera A, Apertura"
Colombia,10,27072,"Primera A, Clausura"
El Salvador,10,27088,"Primera Division, Apertura"
El Salvador,10,27090,"Primera Division, Clausura"
Costa Rica,10,27092,"Primera Division, Apertura"
Costa Rica,10,27094,"Primera Division, Clausura"
Paraguay,10,27098,"Division de Honor, Apertura"
Paraguay,10,27100,"Division de Honor, Clausura"
Panama,10,27102,"Liga Panamena de Futbol, Apertura"
Panama,10,27104,"Liga Panamena de Futbol, Clausura"
Costa Rica,10,27106,NIU
Paraguay,10,27214,"Primera Division Reserve, Apertura"
Paraguay,10,27216,"Primera Division Reserve, Clausura"
"Hong Kong, China",10,27252,Reserve Division
Bangladesh,10,27254,Federation Cup
International,10,27362,"World Cup Qualification, Women, Inter-Confederation Playoffs"
Mexico,10,27382,"Liga de Expansion MX, Apertura"
Mexico,10,27384,"Liga de Expansion MX, Clausura"
Brunei Darussalam,10,27388,Super League
Guatemala,10,27396,Liga Nacional. Apertura
Guatemala,10,27398,Liga Nacional. Clausura
Sweden,10,27412,"Ettan, Relegation/Promotion"
Honduras,10,27414,"Liga Nacional, Apertura"
Honduras,10,27416,Liga Nacional. Clausura
International,10,27420,CONCACAF Nations League
Spain,10,27462,Copa Federacion
Mexico,10,27464,"Liga MX, Apertura"
Mexico,10,27466,"Liga MX, Clausura"
International,10,27526,"OFC Nations Cup, Women"
International,10,27583,UEFA Regions Cup
England Amateur,10,27659,FA Womens League Cup
Chile,10,27665,Primera Division
England Amateur,10,27725,"FA Cup, Women"
Brazil,10,27739,Potiguar
Brazil,10,27747,Mato-Grossense
Brazil,10,27749,Paraense
Costa Rica,10,27765,"Liga de Ascenso, Clausura"
Costa Rica,10,27767,"Liga de Ascenso, Apertura"
Qatar,10,27771,NIU
Brazil,10,27811,Sul-Mato-Grossense
Brazil,10,27819,Piauiense
Bangladesh,10,27821,Premier League
Brazil,10,27851,"Candango, Serie A"
Brazil,10,27983,Amazonense
Macao,10,27997,1st Division
Uruguay,10,27999,Supercopa Uruguaya
Iceland,10,28049,"League Cup A, Women"
Pakistan,10,28057,West Bank Clubs Cup
Italy,10,28127,"Coppa Italia, Women"
International Youth,10,28155,U23 ASEAN Championship
USA,10,28163,USL Championship
USA,10,28165,USL League One
Virtual Football,10,28173,Virtual Football League Mode
Virtual Football,10,28175,Virtual Football World Cup InterwettenRGS
Virtual Football,10,28197,Virtual Football League Mode PinnacleBet
Virtual Football,10,28199,Virtual Football Champions Cup
USA,10,28239,Womens Premier Soccer League
Guam,10,28241,Premier Division
International,10,28287,"SAFF Championship, Women"
International Youth,10,28345,"Viareggio Cup, Women"
Myanmar,10,28346,Cup
USA,10,28424,National Premier Soccer League
Virtual Football,10,28430,Virtual Football Champions Cup Retail
Canada,10,28432,Canadian Premier League
Argentina,10,28538,Copa de la Liga
Iceland,10,28621,"Super Cup, Women"
Mongolia,10,28623,Premier League
Turkmenistan,10,28625,Yokary Liga
Greece,10,28659,NIU
International Youth,10,28671,U23 Africa Cup of Nations
Ireland,10,28681,"Premier Division, Women"
Portugal,10,28735,U23 Taca Revelacao
USA,10,28743,USL League Two
Turkiye Amateur,10,28749,NIU
Italy,10,28837,"Serie C,  Relegation Playoffs"
Bangladesh,10,28877,Championship
Iceland,10,28879,3. deild
Cuba,10,28909,Primera Division
Fiji,10,28947,FA Cup
Mexico,10,28953,"Liga MX, Women, Apertura"
Mexico,10,28955,"Liga MX, Women, Clausura"
Paraguay,10,29003,Copa Paraguay
Germany Amateur,10,29115,NIU
Brazil,10,29118,Amapaense
Ecuador,10,29208,Copa Ecuador
Wales,10,29242,Cymru Championship South
Wales,10,29244,"Cymru Championship, North"
Virtual Football,10,29308,Virtual Football Champions Cup 19/20
Virtual Football,10,29310,Virtual Football Champions Cup 19/20 Retail
International,10,29398,"Pan American Games, Women"
South Africa,10,29468,Black Label Cup
USA,10,29470,NIU
International Clubs,10,29472,Leagues Cup
International,10,29612,Pacific Games Women
Austria Amateur,10,29682,"Tirol, Regionalliga Tirol"
Austria Amateur,10,29684,"Vorarlberg, Eliteliga"
England Amateur,10,29842,U21 Professional Development League
Turkiye Amateur,10,29912,U19 Elit A
Turkiye Amateur,10,29914,U19 Elit B
Switzerland,10,29918,"Super League, Women"
Virtual Football,10,30016,Virtual Football Champions Cup Doxxbet
Argentina,10,30106,Torneo Federal A
Virtual Football,10,30108,Virtual Football Nations Cup Millennium
Virtual Football,10,30140,Virtual Football League Mode Millenium
International Youth,10,30148,U22 international friendly games
Bahrain,10,30152,Federation Cup
Argentina,10,30254,Primera D Metropolitana
International,10,30494,CONCACAF Nations League B
International,10,30496,CONCACAF Nations League C
International,10,30678,African Nations Championship Qualification
Brazil,10,30913,"Paulista, Women"
Virtual Football,10,30915,Virtual Football League Mode Microgame
Virtual Football,10,30917,Virtual Football Nations Cup Microgame
USA,10,31151,"NCAA, Postseason"
USA,10,31153,Atlantic Coast Conference Championship
USA,10,31155,America East Conference Championship
USA,10,31157,American Athletic Conference Championship
USA,10,31159,Atlantic 10 Conference Championship
USA,10,31167,Atlantic Sun Conference Championship
USA,10,31177,Big South Conference Championship
USA,10,31181,Big Ten Conference Championship
USA,10,31185,Big West Conference Championship
USA,10,31187,Colonial Athletic Association Championship
USA,10,31189,Conference USA Championship
USA,10,31191,Horizon League Championship
USA,10,31193,Metro Atlantic Conference Championship
USA,10,31195,Mid American Conference Championship
USA,10,31197,Missouri Valley Conference Championship
USA,10,31199,Northeast Conference Championship
USA,10,31201,Patriot League Championship
USA,10,31203,Southern Conference Championship
USA,10,31205,Summit League Championship
USA,10,31207,Sun Belt Conference Championship
USA,10,31209,Western Athletic Conference Championship
USA,10,31213,Big East Conference Championship
USA,10,31221,"Atlantic Coast Conference Championship, Women"
USA,10,31223,"America East Conference Championship, Women"
USA,10,31225,"American Athletic Conference Championship, Women"
USA,10,31227,"Atlantic 10 Conference Championship, Women"
USA,10,31229,"Atlantic Sun Conference Championship, Women"
USA,10,31231,"Big East Conference Championship, Women"
USA,10,31233,"Big South Conference Championship, Women"
USA,10,31235,"Big Ten Conference Championship, Women"
USA,10,31237,"Big West Conference Championship, Women"
USA,10,31239,"Colonial Athletic Association Championship, Women"
USA,10,31241,"Conference USA Championship, Women"
USA,10,31243,"Horizon League Championship, Women"
USA,10,31245,"Metro Atlantic Conference Championship, Women"
USA,10,31247,"Mid American Conference Championship, Women"
USA,10,31249,"Missouri Valley Conference Championship, Women"
USA,10,31251,"Northeast Conference Championship, Women"
USA,10,31253,"Patriot League Championship, Women"
USA,10,31255,"Southern Conference Championship, Women"
USA,10,31257,"Summit League Championship, Women"
USA,10,31259,"Sun Belt Conference Championship, Women"
USA,10,31261,"Western Athletic Conference Championship, Women"
International,10,31377,"Southeast Asian Games, Women"
Kuwait,10,31509,Super Cup
International Youth,10,31631,CONMEBOL Pre-Olympic Tournament
Brazil,10,31699,Supercopa do Brasil
Qatar,10,31737,Qatar Cup
Ecuador,10,31787,Supercopa
International,10,31789,"Tournoi de France, Women"
International Youth,10,31791,CONCACAF Olympic Qualification
Brazil,10,31793,Campeonato Tocantinense
Brazil,10,31795,Campeonato Capixaba
Brazil,10,31833,Campeonato Rondoniense
Brazil,10,31839,Campeonato Acreano
International,10,31849,"Pinatar Cup, Women"
Spain,10,31863,"Supercopa, Women"
Virtual Football,10,31867,Virtual Football English League
Egypt,10,31965,Supercup
India,10,31977,Goa Pro League
Brazil,10,32037,Roraimense
Brazil,10,32039,"Brasileiro Serie A2, Women"
Tunisia,10,32041,Supercoupe
Virtual Football,10,32187,Virtual Football Spanish League
Virtual Football,10,32189,Virtual Football German League
Virtual Football,10,32191,Virtual Football Italian League
Virtual Football,10,32193,Virtual Football French League
Simulated Reality League,10,32215,Premier League SRL
Simulated Reality League,10,32217,Bundesliga SRL
Simulated Reality League,10,32219,LaLiga SRL
Simulated Reality League,10,32221,Serie A SRL
Simulated Reality League,10,32223,Ligue 1 SRL
Simulated Reality League,10,32225,Turkey Super Lig SRL
Nicaragua,10,32239,U20 Liga Primera Juvenil
Simulated Reality League,10,32303,UEFA Champions League SRL
Electronic Leagues,10,32307,Liga Pro
Belarus,10,32311,Vtoraya Liga
Belarus,10,32313,"Vysshaya League, Women"
Australia,10,32341,Queensland Premier League 1
Australia,10,32343,Northern NSW League One
Australia,10,32349,"Capital NPL, Women"
Australia,10,32351,"NSW Premier League, Women"
Australia,10,32353,U20 NSW NPL
Australia,10,32355,NSW League One
Australia,10,32357,NSW League Two
Australia,10,32363,"Northern NSW Premier League, Women"
Australia,10,32365,"Tasmania Super League, Women"
Australia,10,32367,Victoria Premier League 1
Australia,10,32369,"NPL Western Australia, Women"
Australia,10,32371,NIU
Simulated Reality League,10,32377,Eredivisie SRL
Simulated Reality League,10,32383,Copa Libertadores SRL
Australia,10,32483,"NSW League One, Women"
Virtual Football,10,32505,Virtual Football League Mode Betflag
Simulated Reality League,10,32533,European Championship SRL
USA,10,32559,"NWSL Challenge Cup, Women"
Mongolia,10,32753,Super Cup
Mexico,10,32969,Not in use
Electronic Leagues,10,32999,NIU
Electronic Leagues,10,33001,NIU
Turkiye Amateur,10,33133,"3. Lig, Group 4"
Australia,10,33307,U20 NSW Premier League 2
Australia,10,33309,NSW League Two
Australia,10,33311,U20 NSW Premier League 4
Australia,10,33313,"U23 NSW NPL, Women"
Australia,10,33315,NSW League One
Electronic Leagues,10,33438,GT World Nations League
Mexico,10,33552,Not in use
Andorra,10,33632,Supercopa
Ethiopia,10,33656,Premier League
International Youth,10,33686,U20 AFC Asian Cup
International Youth,10,33688,"Soccer.International Youth.U20 AFC Asian Cup, Women"
International Youth,10,33690,U17 AFC Asian Cup
International Youth,10,33692,"U17 AFC Asian Cup, Women"
International,10,33694,AFC Solidarity Cup
International,10,33696,"Three Nations, One Goal, Women"
International,10,33746,"Olympic Qualif., Women, CAF-CONMEBOL Playoff"
Brazil,10,33834,NIU
Uzbekistan,10,33890,Super Cup
Australia,10,33950,Queensland Premier League 2
Australia,10,33952,"Queensland Super Cup, Women"
Australia,10,33954,South Australia State League 1
Bolivia,10,33980,Division Profesional
International,10,33982,NIU
Lithuania,10,34066,II Lyga
Qatar,10,34184,QFA Cup
USA,10,34226,NCAA
USA,10,34228,NCAA Division I National Championship
USA,10,34230,"NCAA, Women"
USA,10,34232,"NCAA, Division I National Championship, Women"
Turkiye Amateur,10,34292,"3. Lig, Playoffs"
International Clubs,10,34480,UEFA Conference League
International,10,34504,Arab Cup
Bahrain,10,34518,Super Cup
Brazil,10,34528,U20 Campeonato Amapaense
Virtual Football,10,34578,Virtual Football League Mode Sportna Loterija
Japan,10,34590,"WE League, Women"
Virtual Football,10,34616,Virtual Football Bundesliga
Denmark,10,34822,3rd Division
Spain,10,34834,Primera Federacion
Australia,10,34840,"Queensland Premier League 1, Women"
Portugal,10,34900,Liga Portugal 3
Ireland,10,34978,"FAI Cup, Women"
Netherlands,10,34990,"U21, Divisie 1"
Virtual Football,10,35234,Virtual Football Bundesliga Retail
Virtual Football,10,35236,Virtual Football Bundesliga Retail STS
Virtual Football,10,35238,Virtual Football Bundesliga Retail Doxxbet
International,10,35591,"AFC Asian Cup, Women, Qualification"
USA,10,35637,"Ohio Valley Conference Championship, Women"
Brazil,10,35791,"Gaucho, Serie A2"
Brazil,10,35793,Copa FGF
Brazil,10,35795,"Paulista, Serie A4"
Estonia,10,35797,Esiliiga B
Estonia,10,35799,II Liiga Ida/Pohl
Estonia,10,35801,II Liiga Louna/Laas
Estonia,10,35803,U19 League
Estonia,10,35805,"Super Cup, Women"
"Hong Kong, China",10,35807,2. Division
"Hong Kong, China",10,35809,Sapling Cup
Uruguay,10,35811,"Tercera Division, Reserves"
Uruguay,10,35813,U19 League
Brazil,10,35841,"Campeonato Amapaense, Women"
Paraguay,10,35937,Supercopa Paraguay
Argentina,10,35957,Trofeo de Campeones
International,10,36079,"Arnold Clark Cup, Women"
USA,10,36139,MLS Preseason
Gibraltar,10,36159,Rock Cup
El Salvador,10,36167,"Primera Division, Reserves, Clausura"
Singapore,10,36175,Community Shield
Algeria,10,36189,"Ligue 1, Reserves"
Algeria,10,36191,U21 Ligue 2
Egypt,10,36193,League Cup
Israel,10,36195,U19 Premier League
Portugal,10,36197,U19 Division 2
United Arab Emirates,10,36199,U21 Pro League
Simulated Reality League,10,36215,SRL Club Friendlies
Simulated Reality League,10,36217,SRL International Friendlies
Simulated Reality League,10,36219,UEFA Nations League SRL
Simulated Reality League,10,36221,World Cup Qualifiers SRL
Simulated Reality League,10,36223,UEFA Europa League SRL
Simulated Reality League,10,36225,K-League 1 SRL
Simulated Reality League,10,36227,China Super League SRL
Cambodia,10,36233,Hun Sen Cup
Colombia,10,36281,Liga Femenina
Japan,10,36283,"Empress Cup, Women"
Japan,10,36295,Empress Cup Women 2022
USA,10,36475,NISA
USA,10,36479,MLS Next Pro
Brazil,10,36485,"Carioca, Serie A2"
International,10,36497,CONMEBOL UEFA Cup of Champions
Jordan,10,36551,Super Cup
International,10,36571,"Copa America, Women"
Brazil,10,36661,"Mineiro, Modulo II"
Brazil,10,36663,U20 Brasiliense
Brazil,10,36667,"Cearense, Serie B"
Germany Amateur,10,36887,Bayernliga Relegation/Promotion
Mexico,10,36903,"Trofeo de Campeon de Campeones, Women"
Germany Amateur,10,36943,"Oberliga, Playoffs"
Argentina,10,36945,"Copa Proyeccion Final, Reserves"
Switzerland,10,37051,Erste Liga
Mexico,10,37101,Supercopa Liga MX
Uruguay,10,37127,Copa Uruguay
USA,10,37169,USL W League
Denmark Amateur,10,37195,Danmarksserien
Brazil,10,37197,"Carioca, Women"
Croatia,10,37205,First League Women
Denmark Amateur,10,37229,Danmarksserien
El Salvador,10,37331,"Primera Division, Reserves, Apertura"
International,10,37345,"CAFA Championship, Women"
Burundi,10,37635,Ligue A
Mexico,10,38223,"Liga Premier Serie A, Clausura"
Mexico,10,38225,"Liga Premier Serie B, Apertura"
Mexico,10,38227,"Liga Premier Serie B, Clausura"
"Hong Kong, China",10,38379,"Football League, Women"
International,10,38453,"CONMEBOL UEFA Cup of Champions, Women"
Croatia,10,38613,Druga NL
Simulated Reality League,10,38785,World Cup
Brazil,10,38883,Copa Alagoas
Brazil,10,38885,Recopa Catarinense
Brazil,10,38887,Recopa Gaucha
Argentina,10,38915,Supercopa Internacional
Sweden Amateur,10,38941,"Elitettan, Women"
Virtual Football,10,38973,Virtual World Match Football S1
Virtual Football,10,38975,Virtual World Match Football S2
Virtual Football,10,38977,Virtual World Match Football S3
Bolivia,10,39033,Copa Division Profesional
Brazil,10,39043,"Supercopa do Brasil, Women"
England Amateur,10,39071,Central League Cup
England Amateur,10,39073,Central League
Scotland,10,39077,Reserve Cup
El Salvador,10,39173,Segunda Division
Italy,10,39221,Coppa Italia Serie D
International Youth,10,39285,U21 Premier League International Cup
Brazil,10,39343,"Catarinense, Serie B"
Brazil,10,39439,"Paranaense, 2. Divisao"
Brazil,10,39459,"U20 Carioca, Serie A"
Romania,10,39533,Liga 3
Uganda,10,39561,"Uganda Cup, Women"
Brazil,10,39761,"U20 Gaucho, Serie A1"
Brazil,10,39781,U20 Cearense
Brazil,10,39789,"Baiano, Serie B"
International,10,39821,"UEFA Nations League, Women"
International Youth,10,39829,"U19 FIFA Youth Cup, Women"
Croatia,10,40005,"Croatia Cup, Women"
Brazil,10,40053,"Alagoano, Serie B U23"
Brazil,10,40055,"Cearense, Serie C"
Brazil,10,40057,Taca Fares Lopes
Brazil,10,40059,"Goiano, 2. Divisao"
Brazil,10,40061,Copa Rio
Germany Amateur,10,40135,"Oberliga, Qualification for Regionalliga Southwest"
Croatia,10,40137,Treca NL
International Clubs,10,40249,CONCACAF Central American Cup
International Clubs,10,40251,CONCACAF Caribbean Cup
Belgium,10,40261,Nationale 1
Brazil,10,40297,"Gaucho, Women"
Russia,10,40305,"2. Liga, Division A"
Mexico,10,40387,U23 Liga MX
Slovakia,10,40469,"3. Liga, East"
Slovakia,10,40471,"3. Liga, West"
India,10,40511,Durand Cup
Malaysia,10,40513,Piala Malaysia
Switzerland,10,40521,2. Liga Interregional
Switzerland,10,40523,Amateur Liga
Netherlands,10,40531,"Supercup, Women"
Mexico,10,40533,Liga Premier Serie A
Mexico,10,40535,Liga Premier Serie B
Argentina,10,40649,"Copa Proyeccion, Reserves"
Brazil,10,40651,"Goiano, Women"
Brazil,10,40653,Copa Santa Catarina
Argentina,10,40663,"Copa de la Liga, Women"
Brazil,10,40677,"Carioca, Serie B1"
Czechia,10,40727,Divize A
Czechia,10,40729,Divize B
Czechia,10,40731,Divize C
Czechia,10,40733,Divize D
Czechia,10,40735,Divize E
Czechia,10,40737,Divize F
Brazil,10,40805,"Mineiro, Women"
Mali,10,40817,Ligue 1
International Clubs,10,40983,African Football League
International Youth,10,40985,U20 Intercontinental Cup
Brazil,10,41085,"Gaucho, Serie B"
Brazil,10,41113,"Pernambucano, Serie A2"
Brazil,10,41278,"Cearense, Women"
Costa Rica,10,41310,Copa Costa Rica
Finland Amateur,10,41364,Kolmonen
International Youth,10,41366,U23 Pan American Games
Brazil,10,41410,"Paranaense, Women"
International Clubs,10,41488,"CAF Champions League, Women"
International Clubs,10,41490,"AFC Club Championship, Women"
Switzerland,10,41760,2. Liga Interregional Cup
Argentina,10,41935,"Trofeo de Campeones, Reserves"
International,10,41941,"Gold Cup, Women"
Italy,10,42015,"Supercoppa, Women"
India,10,42093,I-League 2
Finland,10,42139,Ykkosliigacup
Scotland,10,42193,Scottish Women League One
Poland,10,42281,"Puchar Polski, Women"
Chile,10,42283,Segunda Division
Chile,10,42285,"Primera Division, Women"
Finland,10,42291,Ykkonen
International,10,42371,"CAF Olympic Qualification, Women"
Costa Rica,10,42421,"Primera Division, Women"
Switzerland,10,42463,Club Friendly Games
Switzerland,10,42465,Extra Games
Austria,10,42467,Club Friendly Games
Austria,10,42469,Extra Games
International Clubs,10,42627,Qatar-UAE Super Cup
International Clubs,10,42629,Qatar-UAE Super Shield
Chinese Taipei,10,42631,"Mulan Football League, Women"
USA,10,42695,USL League One Cup
International Youth,10,42763,AFC-CAF Olympic Qualification Playoff
Switzerland,10,42901,Zurich Basler Cup
Germany Amateur,10,42969,"Supercup, Women"
International Clubs,10,42983,AFC Challenge League
International Clubs,10,42985,AFC Women's Champions League
Malaysia,10,43125,Liga A1
International Clubs,10,43189,"NWSL x Liga MX Summer Cup, Women"
Belgium,10,43371,Nationale 1 VV
Belgium,10,43373,Nationale 1 ACFF
USA,10,43439,"USL Super League, Women"
International Clubs,10,43643,"Club Friendly Games, Women"
Austria Amateur,10,43771,"Niederosterreich, 1. Landesliga"
Austria Amateur,10,43773,"Burgenland, Burgenlandliga"
Austria Amateur,10,43775,"Burgenland, II. Liga"
Austria Amateur,10,43781,"Karnten, Karntner Liga"
Austria Amateur,10,43783,"Karnten, Unterliga"
Austria Amateur,10,43785,"Karnten, 1. Klasse"
Austria Amateur,10,43789,"Oberosterreich, OO Liga"
Austria Amateur,10,43803,"Steiermark, Landesliga"
Austria Amateur,10,43805,"Steiermark, Oberliga"
Austria Amateur,10,43807,"Steiermark, Unterliga"
Austria Amateur,10,43809,"Steiermark, Gebietsliga"
Austria Amateur,10,43817,"Tirol, Gebietsliga"
Austria Amateur,10,43831,"Wien, Wiener Stadtliga"
Austria Amateur,10,43833,"Wien, 2. Landesliga"
Austria Amateur,10,43839,"Salzburg, 2. Klasse"
International Clubs,10,43845,"CONCACAF Champions Cup, Women"
Scotland,10,44243,Highland Football League
Scotland,10,44245,Lowland League
Switzerland,10,44251,3. Liga
Switzerland,10,44253,4. Liga
Switzerland,10,44257,Junioren A Promotion
Switzerland,10,44259,Junioren A 1. Starkeklasse
Switzerland,10,44261,Junioren B Promotion
Switzerland,10,44263,Junioren B 1. Starkeklasse
Switzerland,10,44265,Junioren C Promotion
Switzerland,10,44267,Junioren C 1. Starkeklasse
Switzerland,10,44269,Senioren 30+ Meister
Switzerland,10,44271,Senioren 30+ Promotion
Switzerland,10,44273,Senioren 30+ Regional
Switzerland,10,44275,Senioren 40+ Meister
Switzerland,10,44281,"Juniorinnen FF-19, Women"
Switzerland,10,44283,"Juniorinnen FF-15 4/4, Women"
International Clubs,10,44289,FIFA Intercontinental Cup
England Amateur,10,44335,"Isthmian League, Division One North"
England Amateur,10,44337,"Isthmian League, Division One South Central"
England Amateur,10,44339,"Isthmian League, Division One South East"
England Amateur,10,44347,"Northern Premier League, Division One East"
England Amateur,10,44349,"Northern Premier League, Division One Midlands"
England Amateur,10,44351,"Northern Premier League, Division One West"
England Amateur,10,44353,"Southern League, Division One South"
England Amateur,10,44355,"Southern League, Division One Central"
England Amateur,10,44357,"National League, Premier, Women"
England Amateur,10,44359,"National League, Division One, Women"
Scotland,10,44425,"Premier League 2, Women"
Switzerland,10,44721,Junioren A 2. Starkeklasse
Switzerland,10,44725,Junioren B 2. Starkeklasse
Switzerland,10,44727,Junioren B 3. Starkeklasse
Switzerland,10,44729,Junioren C 2. Starkeklasse
Switzerland,10,44731,Junioren C 3. Starkeklasse
New Zealand,10,45047,"National League, Women"
England,10,45083,National League Cup
Virtual Football,10,45145,Virtual World Match Football S4
Virtual Football,10,45199,Virtual World Match Football S5
Virtual Football,10,45201,Virtual World Match Football S6
Australia,10,45525,Queensland Premier League 3 Metro
Australia,10,45527,Queensland Premier League 4 Metro
Australia,10,45529,Queensland Premier League 5 Metro
Australia,10,45531,Queensland Premier League 6 Metro
Australia,10,45533,U23 Queensland NPL
Australia,10,45535,U23 Queensland Premier League 1
Australia,10,45537,U23 Queensland Premier League 2
Australia,10,45539,U23 Queensland Premier League 3 Metro
Australia,10,45541,U23 Queensland Premier League 4 Metro
Australia,10,45543,U23 Queensland Premier League 5 Metro
Australia,10,45545,U23 Queensland Premier League 6 Metro
Australia,10,45547,"Queensland Premier League 1, Women"
Australia,10,45549,"Queensland Premier League 2, Women"
Australia,10,45551,"Queensland Premier League 3 Metro, Women"
Australia,10,45553,"U23 Queensland NPL, Women"
Australia,10,45555,"U23 Queensland Premier League 1, Women"
Australia,10,45557,"U23 Queensland Premier League 2, Women"
Australia,10,45559,Queensland Premier League 3 South Coast
Australia,10,45561,Queensland Premier League 4 South Coast
Australia,10,45563,U23 Queensland Premier League 3 South Coast
Australia,10,45565,U23 Queensland Premier League 4 South Coast
Australia,10,45567,"Queensland Premier League 3, South Coast, Women"
Australia,10,45641,South Australia State League 2
Australia,10,45647,"South Australia State League, Women"
Australia,10,45649,"South Australia NPL, Reserves"
Australia,10,45653,"South Australia State League 1, Reserves"
Australia,10,45655,"South Australia State League 2, Reserves"
Australia,10,45663,"South Australia NPL, Reserves, Women"
Australia,10,45665,"South Australia State League, Reserves, Women"
Australia,10,45667,Victoria State League 1
Australia,10,45669,Victoria State League 2
Australia,10,45671,"Victoria Premier League, Women"
Australia,10,45673,U23 Victoria NPL
Australia,10,45675,U23 Victoria Premier League 1
Australia,10,45677,U23 Victoria Premier League 2
Australia,10,45681,"U20 Victoria NPL, Women"
Australia,10,45683,"Victoria Premier League, Reserves, Women"
Australia,10,45771,"Northern NSW NPL, Reserves"
Australia,10,45773,"Northern NSW League One, Reserves"
Australia,10,45775,"Northern NSW League One, Reserves, Women"
Honduras,10,45857,Liga de Ascenso
Greece,10,46053,Gamma Ethniki
Venezuela,10,46133,Supercopa Venezuela
Brazil,10,46211,U20 Brasileiro Serie B
Virtual Football,10,46215,Virtual Football English League 2
Switzerland,10,46233,Juniorinnen FF-17
Switzerland,10,46265,2. Liga Regional FAEW
Virtual Football,10,46285,Virtual Football English League 2 Retail
Switzerland,10,46521,"1. Liga, Women"
Switzerland,10,46523,"2. Liga, Women"
Switzerland,10,46525,"2. Liga interregional, Women"
Switzerland,10,46527,"Schweizer Cup Juniorinnen FF-15, Women"
Switzerland,10,46529,"Schweizer Cup Juniorinnen FF-19, Women"
Switzerland,10,46531,Senioren 30+
Switzerland,10,46533,Senioren 30+ Elite
Switzerland,10,46535,Senioren 40+
Switzerland,10,46537,Senioren 40+ Promotion
Switzerland,10,46539,Senioren 40+ Regional
Switzerland,10,46567,Junioren C 1. Starkeklasse 2x45
Switzerland,10,46569,Junioren C 2. Starkeklasse 2x45
Switzerland,10,46571,Junioren C 3. Starkeklasse 2x45
Switzerland,10,46573,Junioren C Promotion 2x45
Switzerland,10,46575,"Juniorinnen FF-15, Women"
Sweden Amateur,10,46587,U21 Ligacupen Elit
Switzerland,10,46605,"Juniorinnen FF-19 (Cup), Women"
Switzerland,10,46607,Youth League C 2x45
Estonia,10,46645,II Liiga
Brazil,10,46647,"U20 Goiano, 1. Divisao"
Brazil,10,46651,"U20 Mineiro, 1. Divisao"
Finland,10,46671,Kolmonen
Australia,10,46714,Capital Premier League
Australia,10,46716,Tasmania Northern Championship
Australia,10,46718,Tasmania Southern Championship
Australia,10,46720,Western Australia State League 1
Tanzania,10,46742,Federation Cup
Iceland,10,46756,4. deild
Paraguay,10,46758,"Camopeonato Femenino, Women"
Ecuador,10,46760,"Superliga, Women"
Switzerland,10,46762,ZURICH Frauen Cup
Switzerland,10,46764,ZURICH Senioren 30+ Cup
Switzerland,10,46766,ZURICH Senioren 40+ Cup
Switzerland,10,46768,ZURICH Junioren A Cup
Brazil,10,46811,Copa Espirito Santo
Uruguay,10,46851,"Primera Division, Women"
Brazil,10,46881,"U20 Catarinense, Serie A"
Brazil,10,46883,"U20 Paranaense, 1. Divisao"
Switzerland,10,46893,ZURICH Junioren B Cup
Switzerland,10,46895,ZURICH Junioren C Cup
Switzerland,10,46897,ZURICH Juniorinnen FF-15 Cup
Switzerland,10,46899,ZURICH Juniorinnen FF-19 Cup
Brazil,10,46945,"Brasileiro A3, Women"
Greece,10,46949,Super League 2 Super Cup
Bosnia & Herzegovina,10,47091,Super Kup
Brazil,10,47097,"Copa do Brasil, Women"
Brazil,10,47121,"Amazonense, Serie B"
Brazil,10,47123,"U20 Alagoano, Serie A1"
Brazil,10,47125,"Amapaense, Serie B"
Austria Amateur,10,47127,"OFB Cup, Women"
Mexico,10,47195,Campeon de Campeones Liga Expansion MX
SoccerSpecials,10,47239,Kings League Brazil
SoccerSpecials,10,47241,Kings League Spain
SoccerSpecials,10,47243,Kings Cup Spain
Russia,10,47279,"Super Cup, Women"
Russia,10,47478,"Russian Cup, Women"
International,10,47530,"ASEAN Championship, Women"
Brazil,10,47532,"Catarinense, Women"
Brazil,10,47534,"Mato-Grossense, 2. Divisao"
Slovakia,10,47536,3. Liga
Spain,10,47548,"Primera Federacion, Women"
New Zealand,10,47568,Chatham Cup
New Zealand,10,47570,"Kate Sheppard Cup, Women"
International Youth,10,47576,U21 Club Friendly Games
International Youth,10,47578,U18 Club Friendly Games
International Youth,10,47582,U20 Club Friendly Games
International Youth,10,47584,U23 Club Friendly Games
International Youth,10,47586,U19 Club Friendly Games
International Youth,10,47588,"U23 Club Friendly Games, Women"
International Youth,10,47590,"U23 Friendly Games, Women"
International Youth,10,47598,U16 Friendly Games
Bulgaria,10,47656,Treta Liga
Finland,10,47658,U20 SM
Italy,10,47660,"Serie A Cup, Women"
Brazil,10,47740,Copa Governo do Estado de Sergipe
Oman,10,47830,Super Cup
Costa Rica,10,47950,Recopa
Hungary,10,47952,NB III
France,10,47986,National 2
Netherlands,10,47988,Derde Divisie
Brazil,10,47990,U20 Copa do Nordeste
France,10,47992,"Seconde Ligue, Women"
Czechia,10,47994,"2. Liga, Women"
Denmark,10,47996,"B Liga, Women"
Slovenia,10,47998,3. SNL
Guatemala,10,48000,Primera Division
Mexico,10,48056,U21 Liga MX
International Clubs,10,48058,ASEAN Club Championship
Croatia,10,48060,U19 Prva NL Juniori
Brazil,10,48062,"Candango, Serie B"
Brazil,10,48064,"Mineiro, Segunda Divisao"
Malaysia,10,48098,Piala Sumbangsih
Gibraltar,10,48150,Pepe Reyes Cup
Norway,10,48179,U19 Nasjonal
Denmark,10,48181,U19 Ligaen
Hungary,10,48183,U19 National
Nicaragua,10,48197,Liga de Ascenso
Brazil,10,48211,"Capixaba, Serie B"
Serbia,10,48213,Srpska Liga
Italy,10,48215,"Serie B, Women"
Portugal,10,48231,"Supertaca, Women"
Poland,10,48233,"1. Liga, Women"
Romania,10,48235,"Superliga, Women"
Switzerland,10,48289,U19 Elite
Serbia,10,48291,U19 League
United Arab Emirates,10,48313,U23 Pro League
Brazil,10,48329,"Baiano, Women"
Brazil,10,48333,"Paranaense, 3. Divisao"
Brazil,10,48335,"Goiano, 3. Divisao"
Brazil,10,48337,Taca FPF Paranaense
Brazil,10,48339,"Carioca, Serie B2"
Brazil,10,48341,"Alagoano, Women"
Spain,10,48343,U19 Division de Honor Juvenil
Dominica,10,48413,DFA Premier
Kazakhstan,10,48421,"Premier League, Women"
Mauritania,10,48423,Super D1
Mauritania,10,48425,Super D2
Chile,10,48427,Tercera Division
Australia,10,48507,Australian Championship
Qatar,10,48509,U23 Olympic League
Saudi Arabia,10,48511,Second Division
Saudi Arabia,10,48513,U21 Elite League
Singapore,10,48515,Premier League 2
Republic of Korea,10,48521,K4 League
Poland,10,48523,IV Liga
Japan,10,48541,Regional Football Leagues
Ghana,10,48543,Champion of Champions
International,10,48571,Influencer World Cup
International Clubs,10,48603,"UEFA Europa Cup, Women"
Scotland,10,48613,"Premier League Cup, Women"
Brazil,10,48615,"U20 Carioca, Serie A2"
"Hong Kong, China",10,48617,Senior Shield
India,10,48619,Mizoram Premier League
Switzerland,10,48625,Junioren C - 2x45 (ANF)
Switzerland,10,48627,Junioren B (ANF)
Switzerland,10,48629,Juniorinnen B (FVRZ)
Switzerland,10,48631,Juniorinnen C (FVRZ)
South Africa,10,48663,"Diski Challenge, Reserves"
Portugal,10,48711,"II Divisao, Women"
Brazil,10,48713,U20 Pernambucano
Brazil,10,48721,"Sergipano, Serie A2"
Turkiye,10,48741,"Super Lig, Women"
Brazil,10,48743,"Piauiense, Serie B"
Angola,10,48765,Supertaca
Tanzania,10,48767,Community Shield
Puerto Rico,10,48769,LPR Pro
Brazil,10,48891,"Potiguar, 2. Divisao"
Japan,10,48905,"WE League Cup, Women"
Tanzania,10,48933,Championship League
Kenya,10,48935,Super League
International Clubs,10,48975,"FIFA Champions Cup, Women"
Portugal,10,49214,"Taca da Liga, Women"
SoccerSpecials,10,49224,Kings Cup Brazil
International,10,49276,"CONMEBOL Nations League, Women"
International Clubs,10,49336,CFU Club Shield
Estonia,10,49348,Winter Tournament
Switzerland,10,49386,Junioren A FVRZ
Brazil,10,49522,"U20 Paulista, Women"
International,10,49566,"FIFA World Cup, Women, Qualification, OFC"
Kazakhstan,10,49906,Vtoraya Liga
Australia,10,49908,U23 Capital NPL
Australia,10,49910,U23 Capital Premier League
Australia,10,49914,"Sapphire Cup, Women"
Australia,10,49916,Queensland Pro Series
Australia,10,49918,"Queensland Pro Series, Women"
Australia,10,49920,Dockerty Cup
Australia,10,49922,"Victoria Cup, Women"
Australia,10,49924,Western Australia State League 2
Australia,10,49926,U23 Western Australia NPL
Australia,10,49928,"Western Australia State League 1, Reserves"
Australia,10,49930,"Western Australia State League 2, Reserves"
Australia,10,49932,Western Australia NPL Night Series
Australia,10,49934,"Western Australia NPL Night Series, Women"
Australia,10,49936,"Western Australia State Cup, Women"
Australia,10,49938,"Western Australia Division 1, Women"
Australia,10,49940,Northern Territory Premier League
Australia,10,49942,Northern Territory Division 3
Australia,10,49944,"Northern Territory Premier League, Reserves"
Australia,10,49946,"Northern Territory Premier League, Women"
Australia,10,49948,"Australia Cup, Preliminary"
SoccerSpecials,10,50174,Kings World Cup Nations
Uruguay,10,50194,Copa de La Liga
Brazil,10,50196,Super Copa Grao Para
Virtual Football,10,50230,Virtual Fast Football 4
Republic of Korea,10,50314,K-League Super Cup
Chile,10,50740,Copa de la Liga
International,10,50820,FIFA Series
International,10,50822,"FIFA Series, Women"
Brazil,10,50874,Copa Sul-Sudeste
Virtual Football,10,50954,Virtual Fast Football USA
Virtual Football,10,50956,Virtual Football World Cup USA
Virtual Football,10,50958,Soccer Roulette USA
Switzerland,10,51010,U-15 Osterturnier SV Muttenz
Aruba,10,51046,Division Honor
Curacao,10,51052,Prome Divishon
Australia,10,51062,"U23 Northern Territory Premier League, Women"
El Salvador,10,51108,Copa Presidente
Ethiopia,10,51172,Higher League
Gambia,10,51174,Division One
Saint Kitts and Nevis,10,51176,Premier League
Seychelles,10,51178,Premier League
Sierra Leone,10,51180,Premier League
Suriname,10,51182,Major League
Togo,10,51184,Premiere Division D1
Burkina Faso,10,51190,Ligue 1
